company_name,career_url,source_type,category
A&L Goodbody,https://www.algoodbody.com/careers,employer,
ABB,https://careers.abb/global/en,employer,
Abbott,https://www.jobs.abbott/us/en/search-results?m=3&location=Ireland,employer,
AbbVie,https://careers.abbvie.com/en/jobs?q=&options=&page=1&ln=Ireland&lr=100&li=IE,employer,
ABP Food Group,https://abpfoodgroup.com/careers/,employer,
Accenture,https://accenture.wd103.myworkdayjobs.com/AccentureCareers,employer,
Adecco Ireland,https://www.adecco.com/en-ie/job-search,recruitment_agency,
Adobe,https://adobe.wd5.myworkdayjobs.com/external_experienced,employer,
Advanced Micro Devices (AMD),https://jobs.amd.com/go/Jobs-in-Ireland/8844800/,employer,
AECOM,https://aecom.jobs/search-jobs/Ireland,employer,
Aer Lingus,https://www.aerlingus.com/about-us/careers/,employer,
AerCap,https://www.aercap.com/careers/,employer,
Agilent Technologies,https://careers.agilent.com/,employer,
AIB (Allied Irish Banks),https://jobs.aib.ie/,employer,
Akamai,https://www.akamai.com/careers,employer,
Aldi Ireland,https://www.aldirecruitment.ie/,employer,
Alexion Pharmaceuticals,https://careers.astrazeneca.com/location/ireland-jobs/7684/2963597/2,employer,
Alkermes,https://www.alkermes.com/careers,employer,
Alvarez & Marsal,https://www.alvarezandmarsal.com/careers,employer,
Amazon,https://www.amazon.jobs/en/locations/dublin-ireland,employer,
American Express,https://aexp.jobs,employer,
Amgen,https://careers.amgen.com/search-jobs/Ireland,employer,
An Post,https://www.anpost.com/About/Careers,employer,
Analog Devices,https://analogdevices.wd1.myworkdayjobs.com/External,employer,
Aon,https://aon.wd1.myworkdayjobs.com/AonCareers,employer,
Apple,https://jobs.apple.com/en-ie/search?location=ireland-IRL,employer,
Applied Materials,https://www.appliedmaterials.com/us/en/careers.html,employer,
Approach People Recruitment,https://approachpeople.com,recruitment_agency,
Arcadis,https://www.arcadis.com/en/careers,employer,
Arista Networks,https://www.arista.com/en/careers,employer,
Arthur Cox,https://www.arthurcox.com/careers/,employer,
Arup,https://www.arup.com/careers,employer,
Asana,https://asana.com/careers,employer,
ASML,https://www.asml.com/en/careers,employer,
AstraZeneca,https://careers.astrazeneca.com/search-jobs/Ireland,employer,
AtkinsRéalis,https://careers.atkinsrealis.com/,employer,
Atlantic Technological University (ATU),https://www.atu.ie/careers,employer,
Atlassian,https://www.atlassian.com/company/careers/jobs?location=Dublin,employer,
Autodesk,https://autodesk.wd1.myworkdayjobs.com/Ext,employer,
Aviva Ireland,https://www.aviva.ie/about/careers/,employer,
Avolon,https://www.avolon.aero/careers,employer,
AXA Ireland,https://www.axa.ie/careers/,employer,
B&Q Ireland,https://www.kingfishercareers.com/b-and-q,employer,
Bain & Company,https://www.bain.com/careers/,employer,
Baker Tilly Ireland,https://www.bakertilly.ie/careers/,employer,
BAM Ireland,https://www.bamireland.ie/careers/,employer,
Bank of America,https://careers.bankofamerica.com,employer,Banking & Financial Services
Bank of Ireland,https://www.bankofireland.com/about-bank-of-ireland/careers/,employer,
Barclays,https://search.jobs.barclays/search-jobs/Ireland,employer,
Bausch + Lomb,https://bauschhealth.wd1.myworkdayjobs.com/BauschHealthCareers,employer,
Baxter International,https://jobs.baxter.com/search-jobs/Ireland,employer,
Bayer,https://career.bayer.com/en/search-jobs/Ireland,employer,
BDO Ireland,https://www.bdo.ie/en-gb/careers,employer,
BearingPoint,https://bearingpoint.com/en/careers,employer,
Becton Dickinson (BD),https://bd.wd1.myworkdayjobs.com/BD_External,employer,
Bio-Rad Laboratories,https://www.bio-rad.com/en-ie/category/careers,employer,
Biotronik,https://www.biotronik.com/en-us/careers,employer,
BlackRock,https://careers.blackrock.com/search-jobs,employer,Asset Management / Financial Services
Bloomberg,https://www.bloomberg.com/careers/,employer,
BNP Paribas Ireland,https://group.bnpparibas/en/careers,employer,
BNY,https://careers.bny.com,employer,
BNY Mellon,https://m.bnymellon.com/en/careers/jobs.html?location=Ireland,employer,
Boehringer Ingelheim,https://www.boehringer-ingelheim.com/ie/careers,employer,
Boots Ireland,https://www.boots.jobs/search-jobs/Ireland,employer,
Bord Gáis Energy,https://www.bordgaisenergy.ie/about-us/careers,employer,
Bord na Móna,https://www.bordnamona.ie/careers/,public_sector_employer,Energy / Semi-State
Boston Consulting Group (BCG),https://careers.bcg.com/locations/ireland,employer,
Boston Scientific,https://jobs.bostonscientific.com/search/?q=&locationsearch=Ireland,employer,
Box,https://www.box.com/careers,employer,
Brightwater,https://www.brightwater.ie/jobs,employer,
Bristol Myers Squibb,https://careers.bms.com/us/en/search-results?m=3&location=Ireland,employer,
Broadcom,https://broadcom.wd1.myworkdayjobs.com/External_Career,employer,
Brown Thomas Arnotts,https://www.brownthomas.com/careers.html,employer,
Bruker,https://www.bruker.com/en/landingpages/careers.html,employer,
Bus Éireann,https://careers.buseireann.ie/,employer,
ByrneWallace,https://byrnewallace.com/careers/,employer,
C&C Group,https://www.candcgroupplc.com/careers/,employer,
Cadence Design Systems,https://cadence.wd1.myworkdayjobs.com/External_Careers,employer,
Cairn Homes,https://www.cairnhomes.com/careers/,employer,
Cantor Fitzgerald Ireland,https://cantorfitzgerald.ie/about-us/careers/,employer,
Canva,https://www.canva.com/careers/,employer,
Capgemini,https://www.capgemini.com/careers/,employer,
Carbery Group,https://www.carbery.com/careers/,employer,
Carrier,https://jobs.carrier.com/en/location/ireland-jobs/29289/2963597/2,employer,
Catalent,https://catalent.wd1.myworkdayjobs.com/External,employer,
CDB Aviation,https://cdbaviation.aero/careers,employer,
Central Bank of Ireland,https://www.centralbank.ie/careers,public_sector_employer,Financial Regulation / Public Sector
CGI,https://cgi.com/en/careers,employer,
Charles River Laboratories,https://jobs.criver.com/search-jobs/Ireland,employer,
Check Point Software,https://www.checkpoint.com/careers/,employer,
Cisco,https://jobs.cisco.com/main/jobs?location=Ireland,employer,
Citi,https://jobs.citi.com/search-jobs/Ireland,employer,
Citrix,https://jobs.citrix.com/,employer,
Clayton Hotels,https://www.claytonhotels.com/careers/,employer,
ClickUp,https://clickup.com/careers,employer,
Cloudflare,https://www.cloudflare.com/careers/jobs/,employer,
Coca-Cola HBC Ireland,https://ie.coca-colahellenic.com/en/careers,employer,
Cognizant,https://careers.cognizant.com/global/en,employer,
Cohesity,https://www.cohesity.com/company/careers/,employer,
Coillte,https://www.coillte.ie/about-us/careers/,employer,
Coinbase,https://www.coinbase.com/careers/positions?location=dublin,employer,Fintech / Crypto
Coloplast,https://www.coloplast.com/about-us/careers/,employer,
Concentrix (Ireland),https://www.concentrix.com/careers/,employer,
Convatec,https://www.convatecgroup.com/careers/,employer,
Cook Medical,https://www.cookmedical.eu/careers/,employer,
Cpl,https://cpl.com,recruitment_agency,Recruitment Agencies (check direct portals)
CPL Resources,https://www.cpl.com/careers,employer,
CRH,https://www.crh.com/careers,employer,
CrowdStrike,https://www.crowdstrike.com/careers/,employer,
Currys Ireland,https://curryscareers.co.uk/content/Ireland/?locale=en_US,employer,
CyberArk,https://www.cyberark.com/careers/,employer,
daa (Dublin Airport Authority),https://www.daa.ie/careers/,employer,
DAE Capital,https://dubaiaerospace.com/careers,employer,
Dairygold,https://www.dairygold.ie/careers/,employer,
Dalata Hotel Group,https://dalatahotelgroup.com/careers/,employer,
Danaher Corporation,https://jobs.danaher.com/global/en/search-results?m=3&location=Ireland,employer,
Databricks,https://www.databricks.com/company/careers/open-positions,employer,
Datadog,https://www.datadoghq.com/careers/,employer,
Datalex,https://datalex.com/careers,employer,
Davy,https://www.davy.ie/working-at-davy/opportunities,employer,
Dawn Meats,https://www.dawnmeats.com/careers/,employer,
Decathlon Ireland,https://www.decathlon.ie/careers,employer,
Dell Technologies,https://jobs.dell.com/location/ireland-jobs/375/2963597/2,employer,
Deloitte Ireland,https://deloitteie.wd3.myworkdayjobs.com/experienced_professionals,employer,
DePuy Synthes,https://jobs.jnj.com/en/jobs/?search=Ireland,employer,
Deutsche Bank,https://careers.db.com,employer,
Dexcom,https://www.dexcom.com/en-IE/careers,employer,
DHL Ireland,https://www.dhl.com/ie-en/home/careers.html,employer,
Diageo Ireland,https://diageo.wd3.myworkdayjobs.com/Diageo_Careers,employer,
Dillon Eustace,https://www.dilloneustace.com/careers,employer,
DocuSign,https://www.docusign.com/company/careers/jobs?location=Dublin,employer,
DPS Group (Arcadis),https://www.dpsgroupglobal.com/careers,employer,
DraftKings,https://careers.draftkings.com,employer,
Dropbox,https://www.dropbox.com/jobs/all-jobs,employer,
DSV Ireland,https://www.dsv.com/en/careers,employer,
Dublin Bus,https://www.dublinbus.ie/careers,employer,
Dublin City University (DCU),https://www.dcu.ie/hr/vacancies-corporate-services,employer,
Dunnes Stores,https://www.dunnesstores.com/c/careers,employer,
DXC Technology,https://dxc.wd1.myworkdayjobs.com/DXC_Jobs,employer,
Dynatrace,https://www.dynatrace.com/careers/,employer,
Eason,https://www.easons.com/careers,employer,
Eaton,https://eaton.wd5.myworkdayjobs.com/Eaton,employer,
Edwards Lifesciences,https://edwards.wd1.myworkdayjobs.com/EdwardsCareers,employer,
Eir,https://www.eir.ie/careers/,employer,
EirGrid,https://www.eirgrid.ie/careers,public_sector_employer,Energy / Infrastructure
EirGrid Group,https://www.eirgridgroup.com/about/careers/,employer,
Elavon,https://usbank.wd1.myworkdayjobs.com/Elavon_Careers,employer,
Eli Lilly,https://be.gatekeeper.lilly.com/careers/search-jobs?location=Ireland,employer,
Emerson,https://www.emerson.com/en-us/careers,employer,
Energia Group,https://www.energiagroup.com/careers,employer,
Enterprise Ireland,https://www.enterprise-ireland.com/en/About-Us/Careers/,employer,
Ergo,https://ergo.ie/careers,employer,
Ericsson,https://jobs.ericsson.com/search/?q=&locationsearch=Ireland,employer,
ESB,https://careers.esb.ie/,public_sector_employer,Energy / Semi-State
ESB (Electricity Supply Board),https://www.esb.ie/careers,employer,
Etsy,https://careers.etsy.com/global/en,employer,
Eurofins Scientific,https://careers.eurofins.com/ie/,employer,
Eversheds Sutherland Ireland,https://www.eversheds-sutherland.com/en/ireland/careers,employer,
EY Ireland,https://www.ey.com/en_ie/careers,employer,
FactSet,https://careers.factset.com/,employer,
Fastly,https://www.fastly.com/about/careers/,employer,
Fastway Couriers Ireland,https://www.fastway.ie/careers/,employer,
FBD Insurance,https://www.fbd.ie/about/careers/,employer,
FedEx Express Ireland,https://careers.fedex.com/fedex/,employer,
Fenergo,https://www.fenergo.com/careers,employer,
Fidelity Investments,https://jobs.fidelity.com/location/ireland-jobs/2324/2963597/2,employer,
Figma,https://www.figma.com/careers/,employer,
Fiserv,https://www.careers.fiserv.com/search-jobs/Ireland,employer,
Fitch Ratings,https://www.fitchratings.com/careers,employer,
Flutter Entertainment,https://flutter.com/careers/,employer,Gaming / Technology
Fortinet,https://jobs.fortinet.com/,employer,
Forvis Mazars Ireland,https://www.mazars.ie/Home/Join-us/Our-job-offers,employer,
FRS Recruitment,https://frsrecruitment.com,recruitment_agency,
FTI Consulting,https://www.fticonsulting.com/careers,employer,
Fujitsu,https://fujitsu.com/ie/about/careers,employer,
Fáilte Ireland,https://www.failteireland.ie/About-Us/Careers.aspx,employer,
Gartner,https://jobs.gartner.com/locations/dublin/,employer,Research / Technology
Gas Networks Ireland,https://www.gasnetworks.ie/about-us/careers/,employer,
Genesis (formerly GECAS),https://genesis.aero/careers,employer,
Genesys,https://genesys.wd1.myworkdayjobs.com/Genesys,employer,
Gilead Sciences,https://gilead.wd1.myworkdayjobs.com/gileadcareers,employer,
Glanbia,https://glanbia.com/careers,employer,
Glanbia / Tirlán,https://www.tirlan.com/careers,employer,
GlaxoSmithKline (GSK),https://jobs.gsk.com/search-jobs/Ireland,employer,
Glenveagh Properties,https://glenveagh.ie/careers,employer,
Goldman Sachs,https://www.goldmansachs.com/careers/,employer,
Goodbody,https://www.goodbody.ie/careers,employer,
Google,https://www.google.com/about/careers/applications/jobs/results/?location=Ireland,employer,
Grant Thornton Ireland,https://iegt.wd3.myworkdayjobs.com/GTI_External_Careers_Experienced_Hires_ROI,employer,
Greencore,https://www.greencore.com/careers/,employer,
Guidewire,https://www.guidewire.com/about/careers,employer,Insurance Technology
H&M Ireland,https://career.hm.com/,employer,
Haleon,https://careers.haleon.com/careers/*/ireland_ireland?domain=haleon.com,employer,
Halfords Ireland,https://www.halfordscareers.com/,employer,
Harvey Nash Ireland,https://www.harveynash.ie/,recruitment_agency,
Hays Ireland,https://www.hays.ie/job-search,recruitment_agency,
Heineken Ireland,https://www.heinekenireland.ie/careers/,employer,
Hewlett Packard Enterprise (HPE),https://careers.hpe.com/us/en/search-results?m=3&location=Ireland,employer,
HIQA,https://www.hiqa.ie/about-us/careers,public_sector_employer,Health Regulation / Public Sector
Holland & Barrett Ireland,https://www.hollandandbarrett.com/careers/,employer,
Hollister Incorporated,https://www.hollister.com/en/careers,employer,
Honeywell,https://ibqbjb.fa.ocs.oraclecloud.com/hcmUI/CandidateExperience/en/sites/Honeywell/jobs,employer,
Horizon Therapeutics (Amgen),https://careers.amgen.com/search-jobs/Ireland,employer,
HP (Hewlett-Packard),https://jobs.hp.com/search-jobs/Ireland,employer,
HSBC Ireland,https://www.about.hsbc.ie/careers,employer,
HSE (Health Service Executive),https://about.hse.ie/jobs/job-search/,employer,
HubSpot,https://www.hubspot.com/careers/jobs?location=dublin,employer,
IBM,https://www.ibm.com/careers/search?field_keyword_05[0]=Ireland,employer,
ICON plc,https://careers.iconplc.com/search-jobs/Ireland,employer,
IDA Ireland,https://www.idaireland.com/about-ida-ireland/careers,employer,
Illumina,https://illumina.wd1.myworkdayjobs.com/illumina-careers,employer,
Indeed,https://www.indeed.jobs/,employer,Technology / Recruitment
Indeed (Ireland),https://www.indeed.jobs/,employer,
Infineon Technologies,https://www.infineon.com/cms/en/careers/,employer,
Infosys,https://www.infosys.com/careers.html,employer,
Insulet Corporation,https://www.insulet.com/careers,employer,
Integra LifeSciences,https://www.integralife.com/careers,employer,
Intel,https://jobs.intel.com/en/search-jobs/Ireland,employer,
Intercom,https://www.intercom.com/careers,employer,
Intersport Elverys,https://www.elverys.ie/careers,employer,
IQVIA,https://jobs.iqvia.com/search-jobs/Ireland,employer,
Irish Distillers (Pernod Ricard),https://www.irishdistillers.ie/careers/,employer,
Irish Ferries,https://www.irishferries.com/uk-en/careers/,employer,
Irish Life,https://www.irishlife.ie/about-us/careers,employer,
Irish Rail (Iarnród Éireann),https://www.irishrail.ie/en-ie/about-us/careers,employer,
Jacobs,https://www.jacobs.com/careers,employer,
Jamf,https://www.jamf.com/careers/,employer,
Jazz Pharmaceuticals,https://jazzpharma.wd5.myworkdayjobs.com/Jazz_Careers,employer,
JD Sports Ireland,https://www.jdsports.co.uk/page/careers/,employer,
John Sisk & Son (Sisk Group),https://www.johnsiskandson.com/careers,employer,
Johnson & Johnson,https://jobs.jnj.com/en/jobs/?search=Ireland,employer,
Johnson Controls,https://jobs.johnsoncontrols.com/,employer,
Jones Engineering,https://joneseng.com/careers/,employer,
JPMorgan Chase,https://jpmc.fa.oraclecloud.com/hcmUI/CandidateExperience/en/sites/CX_1001/requisitions?location=Ireland,employer,
Kepak Group,https://www.kepak.com/careers/,employer,
Kerry Group,https://jobs.kerry.com/search/?q=&locationsearch=Ireland,employer,
Keysight Technologies,https://about.keysight.com/en/careers/,employer,
Kingspan Group,https://www.kingspan.com/group/careers,employer,
Kirby Group Engineering,https://kirbygroup.com/careers/,employer,
KLA Corporation,https://www.kla.com/careers,employer,
KPMG Ireland,https://kpmg.com/ie/en/home/careers.html,employer,
Kuehne+Nagel Ireland,https://jobs.kuehne-nagel.com/global/en/search-results?m=3&location=Ireland,employer,
Labcorp,https://careers.labcorp.com/global/en,employer,
Lam Research,https://www.lamresearch.com/careers/,employer,
Laya Healthcare,https://www.layahealthcare.ie/aboutus/careers/,employer,
Lidl Ireland,https://jobs.lidl.ie/,employer,
Life Style Sports,https://www.lifestylesports.com/ie/careers.html,employer,
Linesight,https://www.linesight.com/careers/,employer,
LinkedIn,https://careers.linkedin.com/Locations/Dublin,employer,
LK Shields,https://www.lkshields.ie/careers,employer,
LloydsPharmacy Ireland,https://www.lloydspharmacy.ie/pages/careers,employer,
Logitech,https://www.logitech.com/en-us/careers,employer,
Lonza,https://www.lonza.com/careers,employer,
Macquarie Group,https://www.macquarie.com/au/en/careers.html,employer,
Maldron Hotels,https://www.maldronhotels.com/careers/,employer,
Manpower Ireland,https://www.manpower.ie/,employer,
Maples Group Ireland,https://maples.com/careers,employer,
Marks & Spencer Ireland,https://jobs.marksandspencer.com/search-jobs/Ireland,employer,
Marsh McLennan,https://mmc.wd1.myworkdayjobs.com/MMC,employer,
Marvell Technology,https://www.marvell.com/company/careers.html,employer,
Mason Hayes & Curran,https://www.mhc.ie/careers,employer,
Mastercard,https://mastercard.wd1.myworkdayjobs.com/CorporateCareers,employer,
Matheson,https://www.matheson.com/careers,employer,
Maynooth University,https://www.maynoothuniversity.ie/human-resources/vacancies,employer,
McCann FitzGerald,https://www.mccannfitzgerald.com/careers,employer,
McKinsey & Company,https://www.mckinsey.com/careers/search-jobs?locations=Dublin,employer,
Mediahuis Ireland,https://www.mediahuis.ie/careers/,employer,
Medpace,https://www.medpace.com/careers/,employer,
Medtronic,https://jobs.medtronic.com/search/?q=&locationsearch=Ireland,employer,
Mercer,https://mmc.wd1.myworkdayjobs.com/MMC,employer,
Merck Group,https://jobs.vibrantm.com/merck/go/Jobs-in-Ireland/8330701/,employer,
Mercury Engineering,https://www.mercuryeng.com/careers/,employer,
Merit Medical,https://www.merit.com/careers/,employer,
Meta,https://www.metacareers.com/jobs?locations[0]=Dublin%2C%20Ireland,employer,
Microchip Technology,https://careers.microchip.com/,employer,
Micron Technology,https://www.micron.com/careers,employer,
Microsoft,https://jobs.careers.microsoft.com/global/en/search?lc=Ireland,employer,
Microsoft Dynamics Partners,https://microsoft.com/en-us/dynamics-365/partners,ecosystem_directory,
Monday.com,https://monday.com/careers,employer,
MongoDB,https://www.mongodb.com/careers/jobs?location=Dublin%2C%20Ireland,employer,
Moody's,https://careers.moodys.com/,employer,
Morgan McKinley,https://www.morganmckinley.com/ie/jobs,recruitment_agency,
Morgan Stanley,https://morganstanley.tal.net/vx/lang-en-GB/mobile-0/brand-2/user-home,employer,
Morningstar,https://www.morningstar.com/careers,employer,
Mott MacDonald,https://www.mottmac.com/careers,employer,
MSCI,https://www.msci.com/careers,employer,
MSD (Merck Sharp & Dohme),https://msd.wd5.myworkdayjobs.com/SearchJobs,employer,
Munster Technological University (MTU),https://www.mtu.ie/careers/,employer,
Musgrave Group (SuperValu / Centra),https://www.musgravegroup.com/careers/,employer,
NetApp,https://www.netapp.com/company/careers/,employer,
Next Ireland,https://careers.next.co.uk/,employer,
Nokia,https://www.nokia.com/careers/,employer,
Nordic Aviation Capital,https://nordicaviationcapital.com/careers,employer,
Northern Trust,https://northerntrust.wd1.myworkdayjobs.com/External_Careers,employer,
Notion,https://www.notion.so/careers,employer,
Novartis,https://www.novartis.com/careers/career-search?country%5B0%5D=IE,employer,
NTMA,https://www.ntma.ie/about-the-ntma/careers/current-opportunities,public_sector_employer,Public Finance / Investment
Nutanix,https://www.nutanix.com/careers,employer,
NVIDIA,https://nvidia.wd5.myworkdayjobs.com/NVIDIAExternalCareerSite,employer,
NXP Semiconductors,https://nxp.wd3.myworkdayjobs.com/careers,employer,
Okta,https://www.okta.com/careers/,employer,
Oliver Wyman,https://www.oliverwyman.com/careers.html,employer,
Oracle,https://eeho.fa.us2.oraclecloud.com/hcmUI/CandidateExperience/en/sites/CX_1/requisitions?location=Ireland,employer,
Ornua,https://www.ornua.com/careers/,employer,
Palo Alto Networks,https://jobs.paloaltonetworks.com/en/jobs/,employer,
PayPal,https://paypal.wd1.myworkdayjobs.com/jobs,employer,
Personio,https://www.personio.com/about-personio/careers/locations/dublin/,employer,Technology / HR Tech
Pfizer,https://pfizer.wd1.myworkdayjobs.com/PfizerCareers?locationCountry=0878e1d528b846e38b3940173bc5b43a,employer,
Philip Lee,https://www.philiplee.ie/careers/,employer,
Ping Identity,https://www.pingidentity.com/en/company/careers.html,employer,
Pinterest,https://www.pinterestcareers.com/en/jobs/?location=Dublin,employer,
PM Group,https://www.pmgroup-global.com/careers/,employer,
Press Up Hospitality Group,https://pressup.ie/careers/,employer,
Primark / Penneys,https://careers.primark.com/location/ireland-jobs/1630/2963597/2,employer,
Proofpoint,https://www.proofpoint.com/us/company/careers,employer,
Protiviti,https://www.protiviti.com/us-en/careers,employer,
PTSB (Permanent TSB),https://www.ptsb.ie/about-us/careers/,employer,
Public Jobs / Civil Service,https://publicjobs.ie,public_sector_portal,Government / Semi-State
PublicJobs.ie (PAS),https://www.publicjobs.ie/,employer,
Pure Storage,https://www.purestorage.com/company/careers.html,employer,
PwC Ireland,https://pwc.wd3.myworkdayjobs.com/Global_Experienced_Careers,employer,
QIAGEN,https://www.qiagen.com/us/about-us/careers,employer,
Qorvo,https://www.qorvo.com/careers,employer,
Qualcomm,https://www.qualcomm.com/company/careers,employer,
Qualtrics,https://www.qualtrics.com/careers/us/en/search-results?keywords=Dublin,employer,
Rapid7,https://www.rapid7.com/careers/jobs/,employer,
Reddit,https://www.redditinc.com/careers,employer,
Refinitiv (LSEG),https://www.lseg.com/en/careers,employer,
Regeneron,https://careers.regeneron.com/en/jobs/?location=Ireland,employer,
Renesas Electronics,https://www.renesas.com/us/en/about/careers,employer,
Reperio Human Capital,https://reperiohumancapital.com,recruitment_agency,
ResMed,https://resmed.wd1.myworkdayjobs.com/ResMed_External_Careers,employer,
Revenue,https://www.revenue.ie/en/corporate/information-about-revenue/careers/index.aspx,public_sector_employer,Public Sector / Tax
Revvity (PerkinElmer),https://jobs.revvity.com/,employer,
Riot Games,https://www.riotgames.com/en/work-with-us/offices/dublin,employer,Gaming / Technology
Roche,https://www.roche.com/careers/jobs?country=Ireland,employer,
Rockwell Automation,https://rockwellautomation.wd1.myworkdayjobs.com/External_Rockwell_Automation,employer,
RTÉ (Raidió Teilifís Éireann),https://about.rte.ie/working-with-rte/vacancies/,employer,
Rubrik,https://www.rubrik.com/company/careers,employer,
Ryanair,https://careers.ryanair.com/,employer,
S&P Global,https://www.spglobal.com/en/careers/overview,employer,
Sage,https://sage.com/en-ie/company/careers,employer,
Salesforce,https://salesforce.wd12.myworkdayjobs.com/External_Career_Site,employer,
Sanofi,https://sanofi.wd3.myworkdayjobs.com/SanofiCareers,employer,
SAP,https://jobs.sap.com/search/?q=&locationsearch=Ireland,employer,
Schneider Electric,https://www.se.com/ww/en/about-us/careers/overview.jsp,employer,
Science Foundation Ireland (SFI),https://www.sfi.ie/about-us/careers/,employer,
Seagate,https://www.seagate.com/careers/,employer,
SentinelOne,https://www.sentinelone.com/careers/,employer,
ServiceNow,https://careers.servicenow.com/jobs?location=Dublin%2C%20Ireland,employer,
Shannon Airport Group,https://www.shannonairport.ie/about-us/careers/,employer,
Sigmar Recruitment,https://www.sigmarrecruitment.com/jobs,recruitment_agency,
Sky Ireland,https://careers.sky.com/job-search/?location=Ireland,employer,
Slack,https://salesforce.wd12.myworkdayjobs.com/Slack,employer,
Slalom,https://www.slalom.com/en/careers,employer,
SMBC Aviation Capital,https://www.smbc.com/careers,employer,
Smith & Nephew,https://www.smith-nephew.com/en-gb/careers,employer,
Smurfit Kappa,https://smurfitkappa.com/careers,employer,
Smurfit Westrock,https://www.smurfitwestrock.com/careers,employer,
Smyths Toys Superstores,https://careers.smythstoys.com/,employer,
Snowflake,https://careers.snowflake.com/us/en/search-results?m=3&location=Ireland,employer,
Societe Generale,https://careers.societegenerale.com/,employer,
Sophos,https://www.sophos.com/en-us/company/careers,employer,
South East Technological University (SETU),https://www.setu.ie/vacancies,employer,
Splunk,https://www.splunk.com/en_us/careers.html,employer,
Squarespace,https://www.squarespace.com/careers/jobs,employer,Technology / SaaS
SSE Airtricity / SSE,https://careers.sse.com/search-jobs/Ireland,employer,
Stantec,https://www.stantec.com/en/careers,employer,
State Street,https://statestreet.wd1.myworkdayjobs.com/Global,employer,
Stena Line Ireland,https://www.stenaline.com/careers/,employer,
STMicroelectronics,https://www.st.com/content/st_com/en/about/careers.html,employer,
Storm3,https://storm3.com,recruitment_agency,
Stripe,https://stripe.com/jobs,employer,
Stryker,https://careers.stryker.com/en-US/search?keywords=&location=Ireland,employer,
Superdrug Ireland,https://www.superdrug.jobs/,employer,
SuperValu / Musgrave,https://careers.musgravegroup.com/,employer,
Susquehanna International Group (SIG),https://sig.com/careers/jobs/?location=dublin,employer,
Syneos Health,https://www.syneoshealth.com/careers,employer,
Synopsys,https://careers.synopsys.com/search-jobs,employer,
Takeda,https://takeda.wd3.myworkdayjobs.com/External,employer,
Tandem Diabetes Care,https://www.tandemdiabetes.com/about-us/careers,employer,
Tata Consultancy Services (TCS),https://www.tcs.com/careers,employer,
Teagasc,https://www.teagasc.ie/about/opportunities/careers/,employer,
Technological University Dublin (TU Dublin),https://www.tudublin.ie/connect/job-opportunities/,employer,
Teleflex,https://teleflex.wd1.myworkdayjobs.com/TeleflexCareers,employer,
Teleperformance (Ireland),https://www.teleperformance.com/en-us/careers/,employer,
Tenable,https://www.tenable.com/careers,employer,
Terumo,https://www.terumo.com/careers,employer,
Tesco Ireland,https://www.tesco-careers.com/search-jobs/?location=Ireland,employer,
Tetra Tech,https://www.tetratech.com/careers,employer,
Teva Pharmaceuticals,https://teva.wd1.myworkdayjobs.com/Teva_Careers,employer,
Texas Instruments,https://careers.ti.com/,employer,
The Doyle Collection,https://www.doylecollection.com/careers,employer,
The Irish Times,https://www.irishtimes.com/about-us/careers/,employer,
Thermo Fisher Scientific,https://jobs.thermofisher.com/global/en/search-results?m=3&location=Ireland,employer,
Three Ireland,https://www.three.ie/about/careers.html,employer,
TikTok,https://careers.tiktok.com/position?keyword=&location=Dublin%2C+Ireland,employer,
TK Maxx Ireland,https://www.tjxjobs.com/,employer,
Toast,https://pos.toasttab.com/careers,employer,
Tourism Ireland,https://www.tourismireland.com/about-us/careers,employer,
Trane Technologies,https://jobs.tranetechnologies.com/,employer,
Transport Infrastructure Ireland,https://www.tii.ie/about/careers/,public_sector_employer,Transport / Public Sector
Trend Micro,https://www.trendmicro.com/en_ie/about/careers.html,employer,
Trinity College Dublin (TCD),https://www.tcd.ie/hr/vacancies/,employer,
Twilio,https://www.twilio.com/en-us/company/jobs,employer,
UBS,https://www.ubs.com/ie/en/careers.html,employer,
Uisce Éireann (Irish Water),https://www.water.ie/about/careers/,employer,
Uisce Éireann / Irish Water,https://water.ie/careers,employer,
Uniphar Group,https://uniphar.com/pharma/careers/,employer,
University College Cork (UCC),https://www.ucc.ie/en/hr/vacancies/,employer,
University College Dublin (UCD),https://www.ucd.ie/workatucd/jobs/,employer,
University of Galway,https://www.universityofgalway.ie/about-us/jobs/,employer,
University of Limerick (UL),https://www.ul.ie/hr/careers,employer,
UPS Ireland,https://www.jobs-ups.com/search-jobs/Ireland,employer,
Veeam,https://careers.veeam.com/,employer,
Version 1,https://www.version1.com/careers/,employer,
VHI Healthcare,https://www.vhi.ie/about-us/careers,employer,
Viatris,https://viatris.wd1.myworkdayjobs.com/ViatrisCareers,employer,
Virgin Media Ireland,https://www.virginmedia.ie/careers/,employer,
Visa,https://search.visa.com/careers?location=Ireland,employer,
VMware (Broadcom),https://broadcom.wd1.myworkdayjobs.com/External_Career,employer,
Vodafone Ireland,https://jobs.vodafone.com/search-jobs/Ireland,employer,
Walkers Ireland,https://www.walkersglobal.com/index.php/careers,employer,
Waters Corporation,https://www.waters.com/nextgen/ie/en/about-waters/careers.html,employer,
Waterstones Ireland,https://www.waterstones.com/careers,employer,
Wayflyer,https://wayflyer.com/careers,employer,
Western Digital,https://jobs.westerndigital.com/,employer,
William Fry,https://www.williamfry.com/careers/,employer,
Willis Towers Watson (WTW),https://wtw.wd1.myworkdayjobs.com/WTWCareers,employer,
Wipro,https://careers.wipro.com/,employer,
Woodie's,https://www.woodies.ie/careers,employer,
Workday,https://workday.wd5.myworkdayjobs.com/Workday,employer,
Workhuman,https://workhuman.com/careers,employer,
Workvivo,https://www.workvivo.com/careers/,employer,Technology / SaaS
WSP,https://www.wsp.com/en-gb/careers,employer,
WTW,https://careers.wtwco.com/jobs/search,employer,Consulting / Insurance
WuXi Biologics,https://www.wuxibiologics.com/careers/,employer,
Zara / Inditex Ireland,https://www.inditexcareers.com/,employer,
Zendesk,https://jobs.zendesk.com/us/en/search-results?keywords=Ireland,employer,
Zimmer Biomet,https://zimmerbiomet.wd1.myworkdayjobs.com/Zimmer_Biomet_Careers,employer,
Zscaler,https://www.zscaler.com/careers,employer,
Zurich Insurance,https://www.zurich.ie/about-us/careers/,employer,
